,Name,PlantType,Color,HardinessZones,BloomsIn,Height,SunNeeds,WaterNeeds,Maintenance
0,Achillea (Yarrow),Perennials,"Yarrow comes in a wide range of colors including white, cream, yellow, purple, orange, pink and red.",3-9,"Spring, Summer",This plant usually grows between 30 and 90 cm (1 to 3 ft) in height.,Full sun,low,low
1,Aconitum (Aconite; Monkshood; Wolfsbane),Perennials,"The flowers come in shades of blue, purple, white, yellow, or even pink.",3-8,"Autumn, Summer","Aconite is a tall plant that grows from 30 cm (1 ft) to 180 cm (6 ft) high, depending on species.","Full sun, Partial sun",avarage,medium
2,Agapanthus (African Lily; Lily of the Nile),"Bulbs, Perennials","These flowers are usually blue, white and purple.",6-11,"Autumn, Summer","Agapanthus range in height from just 20 cm (8 inches) up to 1,8 m (6 ft) for larger varieties.","Full sun, Partial sun",avarage,low
3,Ageratum (Whiteweed; Flossflower),Annuals,"The flowers come in shades of blue, purple, red, pink and white.",2-11,"Autumn, Summer",These plants can grow up to 60 cm (2 ft) in height.,"Full sun, Partial sun",avarage,low
4,Ajuga (Bugle; Bugleweed),"Annuals, Perennials","The flowers are usually blue, purple and white.",3-10,"Spring, Summer",These plants can grow up to 30 cm (1 ft) tall.,"Partial sun, Shade",avarage,low
5,Alcea (Hollyhock),"Annuals, Perennials","Hollyhock blooms in a rainbow of colors including red, purple, pink, white, yellow and even almost black.",3-9,Summer,Hollyhocks range in height from 60 cm (2 ft) to 3 metres (10 ft) tall.,Full sun,avarage,hard
6,Allium (Ornamental Onion),"Bulbs, Perennials","Most Alliums come in shades of purple, but there are pink, blue, white and yellow varieties as well.",3-10,"Spring, Summer",Alliums range in size from 15 cm (6 inches) to 180 cm (6 ft) giants.,Full sun,avarage,low
7,Alstroemeria (Peruvian lily; Lily of the Incas),"Bulbs, Perennials","The flowers come in various colors, from orange, pink, rose, purple, red to yellow and white.",5-11,"Autumn, Summer",The species range from dwarf species (20 cm or 8 inches tall) to the larger varieties that grow up to 120 cm or 4 ft in height.,"Full sun, Partial sun",avarage,low
8,Amaryllis (Amaryllis),"Bulbs, Perennials",The flower color is usually some shade of pink and sometimes even white.,7-10,"Autumn, Summer",Amaryllis has stem that can reach 30 - 90 cm (1-3 ft) in height and each flower is 6-11 cm (2-4 inches) in diameter.,"Full sun, Partial sun",avarage,low
9,Amsonia (Blue Star),Perennials,"The flowers are usually white but may be blue, pink and purple.",3-9,"Spring, Summer","These plants grow up to 120 cm (4 ft) tall, depending on the variety. There are also dwarf varieties that only reach 10 cm (4 inches) in height.","Full sun, Partial sun",avarage,low
10,Anemone (Windflower),Perennials,The flowers can be found in all colors of the rainbow.,4-11,"Spring, Autumn, Summer","Anemone can grow from 10 cm to 1,5 metres (4 inches to 5 ft) tall.","Full sun, Partial sun",avarage,low
11,Anthurium (Flamingo Flower; Laceleaf),Perennials,"These plants range in color from red to pink, purple, yellow, white and green.",10-12,"Spring, Autumn, Summer",The species can grow up to 90 cm (3 ft) in height.,"Full sun, Partial sun",avarage,low
12,Antirrhinum (Snapdragon; Dragon Flower),"Annuals, Perennials","The flowers come in a range of colors including white, red, pink, orange, yellow, green and purple. Bicolor varieties are also available.",5-10,"Spring, Autumn, Summer","Snapdragons can grow from 20 cm (8 inches) to 120 cm (4 ft) tall, depending on species.",Full sun,avarage,low
13,Aquilegia (Columbine),Perennials,"The flowers are yellow, white, blue, red, pink, purple or a combination of these shades.",3-9,"Spring, Summer",Columbine can grow up to 60 cm (2 ft) tall.,"Full sun, Partial sun",avarage,low
14,Asclepias (Milkweed),Perennials,"These flowers come in shades of red, purple, pink, orange, yellow and white.",3-9,"Autumn, Summer",The plant reaches heights of 30 cm (1 ft) to 180 cm (6 ft).,Full sun,avarage,low
15,Aster (Starwort; Frost flower),Perennials,"The flowers can be white, blue, purple, and red, mostly with yellow centers.",3-9,"Autumn, Summer",Asters are 60-180 cm (2-6 ft) tall.,"Full sun, Partial sun",avarage,medium
16,Astilbe (False Goat's Beard),Perennials,"The flowers are available in white, pink and red colors.",3-9,"Spring, Autumn, Summer",The plants range in size from 30 cm (1 ft) to 150 cm (5 ft) in height.,"Partial sun, Shade",avarage,low
17,Astrantia (Masterwort),Perennials,"The flower colors are white, pink, purple and red.",4-9,"Spring, Summer",Astrantia can grow up to 90 cm (3 ft) in height.,"Full sun, Partial sun",avarage,medium
18,Banksia (Australian Honeysuckle),"Perennials, Shrubs, Trees","Banksia flowers are yellow, creamy, orange, red, green, violet or even brown.",9-11,"Spring, Autumn, Winter, Summer","Banksias range from 25 cm (1 ft) to 30 metres (100 feet) in height, depending on the species.","Full sun, Partial sun",avarage,low
19,Baptisia (False Indigo),Perennials,"Baptisia comes in shades of blue, yellow and white, while many hybrids can be found in a wide variety of colors.",3-9,"Spring, Summer","The species range in size from 30 cm to 1,5 metres (1-5 ft) in height.",Full sun,avarage,low
20,Begonia (Begonia),"Annuals, Bulbs, Perennials","Begonias come in many different colors, but mostly in red, white, yellow, orange and pink.",2-11,"Spring, Autumn, Summer",Begonias can grow from 20 - 60 cm (8 inches to 2 ft).,"Partial sun, Shade",avarage,low
21,Bellis (Daisy),Perennials,"These flowers come in shades of white, red, pink and purple. They usually have white petals and a yellow center, but many cultivars are available in a range of colors.",3-10,"Spring, Autumn, Summer","The species are small, growing up to 20 cm (8 inches) in height.","Full sun, Partial sun",avarage,low
22,Bergenia (Elephants Ears; Winter Glow; Pigsqueak),Perennials,"Bergenia comes in shades of red, pink, purple and white.",3-9,"Spring, Winter, Summer",Members in this genus usually grow between 20 and 60 cm (8 inches to 2 ft) tall.,"Full sun, Partial sun",avarage,low
23,Borago (Borage),"Annuals, Perennials","The flowers are mostly blue in color, but can also be pink.",2-11,"Spring, Autumn, Summer","They can grow up to 2 metres (6.5 ft) in height, depending on species.","Full sun, Partial sun",avarage,low
24,Bougainvillea (Bougainvillea),"Climbers, Shrubs, Trees","Bougainvillea bracts come in shades of red, purple, yellow, pink, orange and white. The flowers are generally white.",9-11,"Spring, Autumn, Winter, Summer",Bougainvillea can grow from 60 cm to 12 metres (2 to 40 ft) tall.,Full sun,low,low
25,Bouvardia (Firecracker bush; Trumpetellia; Hummingbird flower),"Herbs, Shrubs","Bouvardia comes in shades of white, yellow, pink, orange and red.",9-11,"Spring, Autumn, Summer","The species can grow between 60 cm (2 ft) and 1,5 metres (5 ft) tall.","Full sun, Partial sun",avarage,low
26,Brugmansia (Angel's Trumpet),"Shrubs, Trees","The flowers come in shades of white, yellow, pink, orange and red.",8-11,"Autumn, Winter, Summer",The species range in size from 90 cm (3 ft) to 8 m (26 ft) tall.,"Full sun, Partial sun",avarage,low
27,Buddleia (Butterfly Bush),"Shrubs, Trees","The flowers come in shades of purple, blue, white, pink or red.",5-10,"Autumn, Summer","The plant can grow between 30 cm (1 ft) and 5 metres (16 ft) high, depending on species.",Full sun,avarage,low
28,Calendula (Marigold),"Annuals, Herbs, Perennials",Calendula flowers are usually yellow and orange.,2-11,"Spring, Autumn, Winter, Summer","The plant may grow from 30 to 60 cm (1-2 ft) in height, depending on the variety and soil conditions.","Full sun, Partial sun",avarage,low
29,Calluna (Heather; Common Heather; Scottish Heather),Shrubs,"This flower comes in shades of red, purple, pink and white.",4-6,Summer,This plant grows between 30 to 60 cm (1-2 ft) tall.,Full sun,avarage,low
30,Camellia (Camellia),"Shrubs, Trees","Camellia offers a large palette of colors, from white to yellow, pink red and purple.",6-10,"Spring, Autumn, Winter","Although its a slow grower, Camellia reaches a height of 1-6 metres (3-20 ft).","Partial sun, Shade",avarage,low
31,Campanula (Bellflower),"Annuals, Perennials","Depending on the species, Campanula produces white, blue, purple, pink or lilac bells.",3-9,"Spring, Autumn, Summer","Some species grow just 5 to 10 cm (a few inches) tall, while others can grow 2 metres (6 ft) in height.","Full sun, Partial sun",avarage,low
32,Canna (Canna Lily),"Bulbs, Perennials","The flowers come in various colors, including red, orange, pink, yellow, cream and white.",7-11,"Autumn, Summer",The species vary in height from 90 cm (3 ft) to 3 m (10 ft).,Full sun,avarage,medium
33,Celosia (Celosia),"Annuals, Perennials","The flowers can be purple, red, orange, pink, gold, yellow and white.",2-12,"Autumn, Summer",The plants range from dwarf species to the larger varieties that grow up to 150 cm (5 ft) high.,Full sun,avarage,low
34,Centaurea (Cornflower; Bachelor's Button; Basket Flower),"Annuals, Perennials","The flowers are traditionally blue in color but are also available in purple, pink, yellow and white.",2-11,"Spring, Summer",Centaurea can reach 30 to 90 cm (1 to 3 ft) in height.,"Full sun, Partial sun",avarage,low
35,Chrysanthemum (Mum),Perennials,"The flowers come in a rainbow of colors, but the most common are red, yellow, white and purple.",4-11,"Spring, Autumn",Chrysanthemums range in size from 30 cm (1 ft) to 120 cm (4 ft).,Full sun,avarage,medium
36,Cistus (Rock Rose),"Perennials, Shrubs","The flowers come in shades of purple, pink and white.",7-11,"Spring, Summer","Rock Rose can grow up to 4 m (13 ft) in height, depending on species. Cistus ladanifer, also known as Gum Cistus, can reach a height of 4 m (13 ft), but is more commonly 1 to 2 m (3 to 6 ft) tall.",Full sun,low,low
37,Clarkia (Godetia),Annuals,"These flowers come in a range of colors including red, purple, pink, orange and white.",3-10,"Autumn, Summer",This plant can reach up to 150 cm (5 ft) tall.,"Full sun, Partial sun",low,low
38,Claytonia (Spring Beauty),"Annuals, Bulbs, Perennials","The flowers come in shades of white, pink, purple and red.",3-9,"Spring, Winter, Summer",This plant can grow up to 30 cm (1 ft) tall.,"Full sun, Partial sun",avarage,low
39,Clematis (Travellers Joy; Old Man's Beard),"Climbers, Perennials, Shrubs",These flowers offer a wide range of different colors.,3-11,"Spring, Autumn, Winter, Summer",The species range in size from 30 cm (1 ft) to 12 metres (40 ft).,"Full sun, Partial sun",avarage,low
40,Clerodendrum (Glorybower; Bagﬂower),"Climbers, Shrubs, Trees","The flowers come in various colors including red, purple, orange, pink, yellow, cream and white.",7-11,"Spring, Autumn, Winter, Summer","The plant usually grows from 90 cm (3 ft) to 12 m (40 ft) tall. Some species, such as Clerodendrum loribundum, can grow to 30 m (98 ft) in height.","Full sun, Partial sun",avarage,medium
41,Convallaria (Lily of the Valley),"Bulbs, Perennials","Convallaria blooms are usually white, but sometimes pink.",2-9,"Spring, Summer",Convallaria reaches about 30 cm (1 ft) in height.,"Partial sun, Shade",avarage,low
42,Coreopsis (Tickseed; Calliopsis),"Annuals, Perennials","Although usually yellow in color, these flowers come in different colors including red, orange, pink, maroon,  lavender. Bi-colored flowers are also possible.",3-10,"Autumn, Summer",The different varieties of this plant range in height from 15 cm (6 inches) to 120 cm (4 ft).,Full sun,avarage,low
43,Cosmos (Cosmos),Annuals,"These flowers come in amazing variety of bright colors, from pink, orange and scarlet to yellow and white.",2-11,"Autumn, Summer",Cosmos can grow between 30-120 cm (1-4 ft) tall.,Full sun,avarage,low
44,Crocosmia (Montbretia),"Bulbs, Perennials","These flowers are usually in shades of red and orange, but can also be yellow.",5-10,"Autumn, Summer",The plant can grow up to 60 cm (2 ft) tall.,"Full sun, Partial sun",avarage,low
45,Crocus (Crocus),Bulbs,"These flowers are white, cream, yellow, blue and purple, and there are even striped varieties.",3-9,"Spring, Autumn, Winter",Crocus can reach between 20 cm (8 inches) and 30 cm (12 inches) in height.,"Full sun, Partial sun",avarage,low
46,Cyclamen (Sowbread),"Bulbs, Perennials","The flowers are usually white, red, rose, purple or pink.",4-9,"Autumn, Winter",Cyclamens are relatively small plants growing up to 15 cm (6 inches) in height.,Partial sun,avarage,low
47,Cymbidium (Cymbidium),Perennials,"Cymbidium comes in various colors such as white, green, yellow, brown, orange, pink and red.",5-10,"Spring, Autumn, Winter","Cymbidium range in size, from dwarf species to some reaching 1,5 metres (5 ft) in height.",Partial sun,avarage,low
48,Dahlia (Dahlia),"Bulbs, Perennials","Dahlias bloom in all colors, except blue.",3-11,"Autumn, Summer","The species vary in height, from the 40 cm (1 ft) right up to 2 metres (7 ft).",Full sun,avarage,medium
49,Datura (Devil's Trumpet),"Annuals, Perennials","The flowers are usually white, but may be yellow, pink and purple.",5-11,"Spring, Autumn, Summer",These plants can reach up to 2 m (7 ft) in height.,"Full sun, Partial sun",avarage,low
50,Delosperma (Ice Plant),"Cactus - Succulents, Perennials","Delosperma comes in many colors including red, purple, orange, pink, yellow and white.",5-10,"Spring, Autumn, Summer",The plant grows up to 15 cm (6 inches) in height.,Full sun,low,low
51,Delphinium (Larkspur),Perennials,"Delphiniums come in several colors, including blue, red, pink, white, violet, and yellow, but blue is the most common.",3-7,"Autumn, Summer",The flower spikes can reach 30 cm to 180 cm (1 to 6 ft) tall.,"Full sun, Partial sun",avarage,medium
52,Deutzia (Deutzia),Shrubs,"Most species are white, but some are pink or red.",4-8,"Spring, Summer",The species range in height from 30 cm (1 ft) to 4 metres (13 ft).,"Full sun, Partial sun",avarage,low
53,Dianthus (Carnation; Pink; Sweet William),"Annuals, Perennials, Shrubs","The flowers come in shades of red, pink, purple and white or combinations of these colours. Cultivated species are available in a wider range of colors.",5-9,"Spring, Autumn, Summer",Their height range from just 10 cm to 90 cm (4 inches to 3 ft).,"Full sun, Partial sun",avarage,low
54,Diascia (Twinspur),"Annuals, Perennials","The flowers come in shades of pink, purple, orange, and white, each with a contrasting yellow throat.",7-11,"Spring, Autumn, Summer",The plant grows between 30 cm (1 ft) and 60 cm (2 ft) in height.,"Full sun, Partial sun",avarage,low
55,Dicentra (Bleeding Heart),Perennials,"The flowers are usually red, pink and white.",2-9,"Spring, Summer",Dicentra can reach up to 90 cm (3 ft) in height.,"Partial sun, Shade",avarage,low
56,Dietes (Dietes),Perennials,"The flowers are white to creamy yellow in color, with brown, yellow and purple markings on the tepals.",8-11,"Spring, Autumn, Winter, Summer",This plant grows up to 150 cm (5 ft) tall.,"Full sun, Partial sun",avarage,low
57,Digitalis (Foxglove),Perennials,"These flowers appear in shades of white, yellow, pink, red and purple.",4-9,"Spring, Summer","Foxgloves are tall beauties which can grow up to 180 cm (6 ft), depending on variety.","Full sun, Partial sun, Shade",avarage,low
58,Dracula (Monkey Orchid),Perennials,"These flowers come in various colors, such as red, purple, lavender, yellow and white. They range from nearly black to white.",9-11,"Spring, Autumn, Winter, Summer",The plant can grow up to 60 cm (2 ft) tall.,Partial sun,avarage,medium
59,Dryas (Mountain Avens; Holtasoley),"Perennials, Shrubs","These flowers are usually white or cream, with yellow centre.",3-9,"Spring, Summer","Dryas is a small plant, growing only 20 cm (8 inches) in height.","Full sun, Partial sun",avarage,medium
60,Echeveria (Hen and Chicks),Cactus - Succulents,Echeveria has beautiful leaves and stunning flowers in a large variety of colors.,9-11,"Spring, Autumn, Winter, Summer",The species can grow from 10 cm to 60 cm (4 inches to 2 ft) high.,"Full sun, Partial sun",low,low
61,Echinacea (Coneflower),Perennials,"These flowers come in shades of white, yellow, orange, pink, purple, red and brown, depending on variety. The most common are the purple ones.",3-10,Summer,Coneflowers will grow between 30 cm (1 ft) and 120 cm (4 ft) tall.,"Full sun, Partial sun",low,low
62,Echinops (Globe Thistle),Perennials,"The flowers are mostly blue, but you can also find them in white, purple and blue-grey. Their long stems are gray-green in color.",3-9,Summer,"The plant can grow from 50 cm to 1,5 metres (2 to 5 ft) in height.","Full sun, Partial sun",avarage,low
63,Emilia (Tassel Flower),Annuals,"The flowers come in shades of purple, red and orange.",3-10,"Autumn, Summer","These plants usually grow from 30 cm (1 ft) to 60 cm (2 ft), and possibly up to 90 cm (3 ft) tall, depending on species.",Full sun,avarage,low
64,Epimedium (Barrenwort; Bishop's hat; Horny Goat Weed),Perennials,"These flowers come in many stunning colors, including white, red, pink, purple, yellow and orange, as well as bi-colored varieties.",4-9,"Spring, Autumn, Winter, Summer",The plant can grow up to 60 cm (2 ft) in height.,"Partial sun, Shade",avarage,low
65,Epiphyllum (Orchid Cactus),Cactus - Succulents,"The flowers are usually white, sometimes with yellow or pink sepals. However, most Epiphyllums grown today are hybrids and may be red, purple, pink, orange and yellow.",10-12,"Spring, Summer",Epiphyllum can reach 10 m (30 ft) in height.,"Full sun, Partial sun",avarage,medium
66,Eranthis (Winter Aconite),"Bulbs, Perennials","The flowers are yellow in most species, with some species being white flowered.",3-9,"Spring, Winter","These low growing plants can reach a maximum height of 20 cm (8 inches), but usually they are much smaller.","Full sun, Partial sun",avarage,low
67,Eremurus (Foxtail Lily; Desert Candle),Perennials,"Flower clusters are covered with orange, pink, yellow and white blossoms.",5-9,"Spring, Summer","Foxtail Lilies are tall plants that reach 2,5 metres (8ft) or less in height, depending on the species.",Full sun,avarage,low
68,Eryngium (Sea Holly),"Annuals, Perennials","Eryngiums are usually blue, purple, green or whitish.",3-9,"Autumn, Summer","They can range from 30 cm (1 ft) to 150 cm (5 ft) tall, depending on the species.",Full sun,low,low
69,Erysimum (Wallflower),"Annuals, Perennials, Shrubs","These flowers are usually yellow, but may also be red, orange and mauve.",6-10,"Spring, Autumn, Summer",Erysimum can grow up to 90 cm (3 ft) high.,Full sun,avarage,low
70,Erythronium (Fawn Lily),"Bulbs, Perennials","The flowers come in shades of yellow, purple, pink, red and white.",3-9,Spring,Erythronium can grow up to 60 cm (2 ft) in height.,Partial sun,avarage,low
71,Eschscholzia (Golden Poppy),"Annuals, Perennials",Their color ranges from yellow to orange.,6-10,"Spring, Autumn, Winter, Summer","The plants grow up to 30 cm (1 ft) tall, but some species have been known to grow taller.",Full sun,low,low
72,Euphorbia (Spurge),"Annuals, Cactus - Succulents, Perennials, Shrubs, Trees",The bracts come in almost every color imaginable. The real flowers are tiny and usually yellow in color.,4-11,"Spring, Autumn, Winter, Summer",The species range in size from 30 cm to 20 metres (1 ft to 66 ft) tall.,"Full sun, Partial sun",low,low
73,Eustoma (Lisianthus; Prairie Gentian),"Annuals, Perennials","The flowers come in white, cream, blue, purple, pink and lilac.",8-11,"Autumn, Summer","Depending on the variety, Eustoma will grow from 15 cm (6 inches) to 80 cm (3 ft) in height.","Full sun, Partial sun",avarage,medium
74,Felicia (Blue Daisy; Marguerite Daisy),"Annuals, Perennials, Shrubs","The flowers are blue, white, lilac or purple. Most of them have yellow centers, with the exception of the Felicia heterophylla which is all-blue in color.",8-11,"Spring, Autumn, Summer",The species can grow up to 50 cm (20 inches) in height.,Full sun,avarage,low
75,Forsythia (Golden Bell),Shrubs,The flowers are yellow in color.,4-9,Spring,"Forsythia grows between 60 cm (2 ft) and 6 metres (20 ft) tall, depending on species.","Full sun, Partial sun",avarage,low
76,Freesia (Freesias),"Bulbs, Perennials","Freesia comes in white, yellow, orange, red, pink, mauve, lavender and purple colors.",9-10,"Spring, Autumn, Summer",Freesia can grow up to 40 cm (1 ft) tall.,"Full sun, Partial sun",avarage,low
77,Fritillaria (Checkered Lily; Snakes Head; Crown Imperial),"Bulbs, Perennials","Fritillaria comes in variety of colors, from bright yellow to orange, green and deep red.",4-8,Spring,"Fritillaria can reach 30 cm to 1,5 metres (1-5 ft) in height, depending on variety.","Full sun, Partial sun",avarage,low
78,Fuchsia (Lady's eardrop),"Shrubs, Trees","Fuchsia develops white, yellow, orange, red and purple colored flowers, composed of red sepals and purple petals.",6-11,"Autumn, Summer","Fuchsia can grow from 15 cm (6 inches) to 15 metres (50 ft) in height, depending on species.","Full sun, Partial sun",avarage,low
79,Gaillardia (Blanket Flower),"Annuals, Perennials","The flowers come in various shades of red, orange, yellow, purple and brown. The bicolor blooms are pretty intense.",2-10,"Autumn, Summer",Plants belonging to the Gaillardia genus range in height from 15 cm (6 inches) to 90 cm (3 ft).,Full sun,low,low
80,Galanthus (Snowdrops),"Bulbs, Perennials","Unlike many other flowers, Galanthus only comes in one color - creamy white.",3-9,"Spring, Winter",These tiny flowers grow up to 25 cm (10 inches) high.,"Full sun, Partial sun",avarage,low
81,Gardenia (Gardenia),"Shrubs, Trees","The most of them are white (or a related color like ivory or cream), but some of them are yellow.",6-11,"Spring, Summer","Gardenia grows between 60 cm (2 ft) and 6 metres (20 ft) tall, depending on species.","Full sun, Partial sun",avarage,hard
82,Gazania (Treasure Flower),"Annuals, Perennials","The flowers come in shades of yellow, orange, pink, red and white. The colors of the petals are bright and unique.",8-11,"Spring, Autumn, Winter",The plant grows up to 30 cm (1 ft) high.,Full sun,low,low
83,Gentiana (Gentian),"Annuals, Perennials","Most of the species have beautiful, vivid blue flowers, but white, yellow, purple and red varieties are also available.",3-9,"Spring, Autumn, Summer",These plants range from dwarf species just 5 cm (2 inches) tall to the larger varieties that grow up to 90 cm (3 ft) in height.,"Full sun, Partial sun",avarage,low
84,Geranium (Cranesbills),"Annuals, Perennials","The flowers come in shades of white, red, blue, purple and pink.",2-10,"Spring, Autumn, Summer",These plants grow between 15 and 120 cm (6 inches to 4 ft) in height.,"Full sun, Partial sun",avarage,low
85,Gerbera (Gerbera),Perennials,"These flowers come in many different colors, except for blue.",8-11,"Spring, Autumn, Summer",The species are 20 to 45 cm (8-18 inches) tall. The flower heads vary from 7 to 12 centimeters (3 to 5 inches) in diameter.,"Full sun, Partial sun",avarage,low
86,Geum (Avens),Perennials,"Geum comes in various colors including white, yellow, orange, pink and red.",3-9,"Spring, Summer",The plant grows up to 60 cm (2 ft) tall.,"Full sun, Partial sun",avarage,low
87,Gladiolus (Gladiola; Sword lily),"Bulbs, Perennials","The flowers range from white, yellow, pink and lavender to red, purple and even green.",2-10,"Spring, Autumn, Summer",Gladiolus grows between 60 to 180 cm (2 to 6 ft) in height.,Full sun,avarage,low
88,Gloriosa (Flame Lily),"Annuals, Bulbs, Climbers, Perennials","The flowers come in shades of red, orange, pink and yellow.",8-11,"Spring, Autumn, Summer","Gloriosa usually grows to about 3 m (10 ft), but sometimes reaches more than 3 m (10 ft) in height and requires a trellis or wall to climb on. Some species, such as Gloriosa lutea (Gloriosa Lily), are smaller in size.","Full sun, Partial sun",avarage,medium
89,Gomphrena (Gomphrena),"Annuals, Perennials","The flowers come in various colors including white, yellow, pink, orange, red and purple.",2-11,"Spring, Autumn, Summer","These beautiful plants can reach up to 90 cm (3 ft) in height, but most of the species are smaller than that.",Full sun,avarage,low
90,Grevillea (Spider Flower; Silky Oak),"Shrubs, Trees","Grevillea may be red, yellow, orange, purple and white.",9-11,"Spring, Autumn, Winter, Summer",The species range from small shrubs around 50 cm (20 inches) high to large trees up to 35 metres (115 ft) tall.,"Full sun, Partial sun",low,low
91,Gypsophila (Baby's Breath),"Annuals, Perennials",The plants have small white or pink flowers.,3-9,"Spring, Summer",Gypsophila range in size from 15 cm (6 inches) to 1 m (30 ft) tall.,Full sun,low,low
92,Hamamelis (Witch Hazel),"Shrubs, Trees",Hamamelis flowers range in color from deep red to yellow.,3-9,"Spring, Autumn, Winter","The plant grows between 150 cm (5 ft) and 8 m (26 ft) in height, depending on the species.","Full sun, Partial sun",avarage,low
93,Helenium (Sneezeweed),"Annuals, Perennials","Helenium flowers come in shades of yellow, orange, red and brown.",3-8,"Autumn, Summer",Helenium grows up to 150 cm (5 ft) tall.,Full sun,avarage,medium
94,Helianthus (Sunflower),"Annuals, Perennials","Although yellow is the original color, Sunflowers also come in shades of cream, red, orange and purple that contrast with deep brown centers.",3-9,"Autumn, Summer","Although there are some dwarf species that grow 30-60 cm (1-2 ft) tall, Sunflowers are usually tall plants which can grow up to 3 metres (10 ft) in height.",Full sun,avarage,low
95,Heliconia (Lobster Claw; False Bird of Paradise),Perennials,"The colors of the flowers range in hues of red, orange, pink, yellow and green.",9-11,"Spring, Autumn, Summer","Heliconias can vary in height from as small as 60 cm (2 ft) to 6 metres (20 ft), depending on species.","Full sun, Partial sun",avarage,low
96,Helleborus (Hellebore; Christmas Rose),Perennials,"The flowers come in various colors, from purple to pink, green, yellow, white and even black.",4-9,"Spring, Winter","They range in size from 30 cm (1 ft) to 1,2 metres (4 ft) tall.","Partial sun, Shade",avarage,low
97,Hibiscus (Rose mallow),"Annuals, Perennials, Shrubs, Trees","The flowers come in a variety of colors, from red, orange, pink and yellow to white, purple and blue.",4-11,"Autumn, Summer",These beauties can reach heights up to 4 metres (13 ft).,"Full sun, Partial sun",avarage,low
98,Hippeastrum (Amaryllis),Bulbs,"Hippeastrum comes in red, pink, salmon, orange, white, yellow and pale green colors.",2-10,"Spring, Winter, Summer",Hippeastrum grows from 30 cm to 90 cm (1 to 3 ft) high.,"Full sun, Partial sun",avarage,low
99,Hosta (Plantain Lily),Perennials,"These flowers are usually white, whitish with lavender lines or even purple.",3-9,"Spring, Autumn, Summer","Some varieties are short, while some can grow up to 180 cm (6 ft) tall.","Partial sun, Shade",avarage,low
100,Hoya (Wax Plant),"Climbers, Perennials, Shrubs","The flowers are mostly white, but are also available in shades of pink, red, purple, orange and green.",8-12,"Spring, Autumn, Winter, Summer",Hoya plants range in size from 10 cm (4 inches) to 3 meters (10 ft) in height.,"Full sun, Partial sun",avarage,low
101,Hyacinthus (Hyacinth),Bulbs,"Hyacinth comes in many color varieties, such as purple, blue, white, yellow, red, pink and orange.",4-8,Spring,Hyacinth can grow up to 30 cm (1 ft) in height.,"Full sun, Partial sun",avarage,low
102,Hydrangea (Hortensia),"Climbers, Shrubs, Trees","The flowers come in shades of blue, purple, white, pink and red.",3-9,"Spring, Autumn, Summer","The species range in size from 60 cm to 12 metres (2 ft to 40 ft) in height, depending on species.",Partial sun,avarage,low
103,Hypericum (St. John’s Wort),"Annuals, Perennials, Shrubs, Trees",The flowers are generally yellow.,4-9,"Spring, Autumn, Summer","Hypericum can reach a height between 30 cm (1 ft) and 2 m (7 ft), depending on species.","Full sun, Partial sun",avarage,low
104,Hypoxis (Star Grass),Perennials,The flowers are bright yellow in color.,5-10,"Spring, Summer",Hypoxis plants usually grow to a height of 20 cm (8 inches).,"Full sun, Partial sun",low,low
105,Hyssopus (Hyssop),"Perennials, Shrubs","The flowers are usually purple and blue, or rarely pink and white.",3-10,"Spring, Autumn, Summer",The plant usually grows to a height of 60 cm (2 ft).,"Full sun, Partial sun",avarage,low
106,Iberis (Candytuft),"Annuals, Perennials, Shrubs","The flowers are usually white, but can also be pink or lilac.",3-9,"Spring, Summer",The plant can reach a height between 15 cm (6 inches) and 30cm (1 ft).,Full sun,avarage,medium
107,Impatiens (Jewelweed; Touch-me-not; Busy Lizzy),"Annuals, Perennials","These flowers are available in a variety of colors including blue, purple, orange, red, pink, white and yellow.",8-12,"Spring, Autumn, Summer",They are short plants that usually don't grow larger than 30 cm (1 ft).,"Partial sun, Shade",avarage,low
108,Ipomoea (Morning Glory; Kangkung),"Annuals, Climbers, Perennials, Shrubs, Trees","The flowers come in many colors including white, red, blue, purple and yellow.",2-11,"Spring, Autumn, Summer","These plants vary in size from 20 cm (8 inches) to 4,5 metres (15 ft) in height.",Full sun,avarage,low
109,Iris (Iris),Perennials,"Iris comes in a rainbow of colors including blue, purple, white, yellow, pink, orange, brown, red and black.",3-9,"Spring, Autumn, Winter, Summer","Irises are available in different sizes, which range from dwarf species (5 cm or 2 inches) to much larger varieties (130 cm or 4 ft).","Full sun, Partial sun",avarage,low
110,Ixora (Jungle Flame; Flame of the Woods),"Shrubs, Trees","Ixora comes in bright red, orange, pink, yellow and white colors. The red color is the most common color.",9-11,"Spring, Summer",Ixora grows up to 200 cm (7 ft) in height.,"Full sun, Partial sun",avarage,low
111,Jacaranda (Jacaranda),"Shrubs, Trees",These flowers come in shades of purple and blue.,9-11,"Spring, Summer","These plants grow between 1 and 10 metres (3-32 ft) tall, depending on species.","Full sun, Partial sun",avarage,low
112,Jasione (Jasione),"Annuals, Perennials","The flowers are blue or purple in color,",4-9,"Spring, Autumn, Summer",Jasione can grow up to 50 cm (2 ft) in height.,"Full sun, Partial sun",avarage,low
113,Jasminum (Jasmine),"Climbers, Shrubs",Most of the Jasmine species bear white or pale yellow flowers.,6-11,"Spring, Summer","Growing approximately 30-60 cm (1-2 ft) per year, Jasmines can reach 150 cm (5 ft) tall as a shrub and over 10 m (33 ft) as a vine.","Full sun, Partial sun",low,low
114,Justicia (Jacobinia),"Perennials, Shrubs","Justicia comes in shades of red, orange, pink, yellow, white and cream.",8-12,Summer,"The smaller types grow in mounds about 50 cm (2 ft) high, while others are more shrublike and grow up to 2,5 metres (8 ft) tall.","Partial sun, Shade",avarage,low
115,Kalanchoe (Kalanchoe),"Cactus - Succulents, Perennials, Shrubs","Kalanchoe comes in a variety of colors, including orange, pink, red, white and many variations thereof.",9-11,"Spring, Autumn, Winter, Summer","Most species are less than 1 m (3 ft), with the exception of Kalanchoe beharensis from Madagascar which can reach the height of 6 m (20 ft).","Full sun, Partial sun",low,low
116,Kalmia (Spoonwood),Shrubs,"The flowers are usually pink, purple, lavender or white.",4-9,"Spring, Summer",These plants range from 25 cm (1 ft) to 5 metres (16 ft) in height.,"Full sun, Partial sun",avarage,low
117,Kerria (Japanese kerria; Japanese rose),Shrubs,These flowers are bright yellow in color.,4-9,"Spring, Summer",Kerria grows up to 3 metres (10 ft) in height.,Partial sun,avarage,low
118,Kniphofia (Red Hot Pokers; Torch Lily; Tritoma),Perennials,"Kniphofia blooms in shades of red, orange, yellow and cream. They change color as the flower matures, which results in a bicolor look.",5-10,"Spring, Autumn, Summer",Kniphofia grows up to 2 metres (7 ft) high.,Full sun,avarage,low
119,Kolkwitzia (Beauty Bush),Shrubs,"The flowers are soft pink to white, each with a yellow troat.",4-8,"Spring, Summer",Kolkwitzia amabilis grows up to 3 metres (10 ft) in height.,"Full sun, Partial sun",avarage,low
120,Kunzea (Kunzea),"Shrubs, Trees","Kunzea flowers come in various colors including white, yellow, pink, purple and red.",7-10,"Autumn, Winter, Summer",They range in size from small ground covers to 10 metre (32 ft) trees.,"Full sun, Partial sun",avarage,low
121,Lantana (Shrub Verbena),"Annuals, Perennials, Shrubs","Lantana comes in a rainbow of colors including red, orange, pink, lavender, yellow, white or a mixture of these and will often display different colors in the center and on the edges.",8-11,"Spring, Autumn, Summer","The species range in size from 25 cm to 1,2 metres (10 inches to 4 ft) tall.",Full sun,avarage,low
122,Lathyrus (Sweet Pea ),"Annuals, Climbers, Perennials","The flowers come in a wide variety of colors, including white, cream, yellow, red, scarlet, pink, salmon, magenta, purple, lavender and blue.",2-11,"Spring, Autumn, Summer","The species range from 30 cm (1 ft) to 280 cm (9 ft) tall, depending on variety.",Full sun,avarage,low
123,Lavandula (Lavender),"Herbs, Perennials, Shrubs","Lavender comes in a wide range of purple colors, but also can be found in white, pink and blue.",5-10,"Spring, Autumn, Summer",Lavender grows from 30 to 90 cm (1 to 3 ft) tall.,Full sun,low,medium
124,Leontopodium (Edelweiss),Perennials,"This plant has small, yellow clustered florets.",4-9,"Spring, Autumn, Summer",The plant reaches about 30 cm (1 ft) in height.,"Full sun, Partial sun",avarage,low
125,Leucojum (Snowflake),"Bulbs, Perennials",Leucojum has white flowers with faint green tips.,3-9,"Spring, Summer",Leucojum grows up to 60 cm (2 ft) high.,"Full sun, Partial sun",avarage,low
126,Lewisia (Lewisia),Perennials,"The flowers come in shades of white, pink, purple, orange and red.",3-8,"Spring, Autumn, Summer","Lewisia is a small plant, growing up to 30 cm (1 ft) in height.","Full sun, Partial sun",low,low
127,Liatris (Blazing Star; Gayfeather),Perennials,"The flowers come in shades of purple, lavender, pink, white, rose and violet.",3-10,"Autumn, Summer",The plant grows up to 150 cm (5 ft) in height.,Full sun,avarage,low
128,Lilium (Lily),"Bulbs, Perennials","Lilies come in a large variety of colors and the most common are white, yellow, orange and red.",3-9,"Spring, Autumn, Summer","Some species are small, about 30 cm or 1 ft (such as Dwarf Asiatic Lilies), while others can reach a height of 270 cm or 9 ft (Lilium Superbum).","Full sun, Partial sun",avarage,low
129,Limonium (Sea Lavender; Statice),"Annuals, Perennials, Shrubs","The flowers are blue, purple, pink, yellow or white.",3-11,"Spring, Summer",The plant grows up to 90 cm (3 ft) in height.,Full sun,low,low
130,Lobelia (Lobelia),"Annuals, Perennials, Shrubs","The flowers come in shades of blue, white, pink, red and purple.",3-9,"Spring, Autumn, Summer","The plant ranges in height from 15 cm (6 inches) to 150 cm (5 ft), depending on species.","Full sun, Partial sun",avarage,low
131,Lonicera (Honeysuckle),"Climbers, Shrubs","The flowers come in shades of white, yellow, pink, orange and red.",2-10,"Spring, Autumn, Winter, Summer",Honeysuckles range in height from 60 cm (2 ft) to 9 m (30 ft) tall.,"Full sun, Partial sun",avarage,low
132,Lupinus (Lupine; Lupin),"Annuals, Perennials","The flowers are usually blue or purple, but sometimes pink, yellow and white.",4-8,"Spring, Summer","Lupinus grows from 30 cm to 1,5 m (1 to 5 ft) tall, depending on species.","Full sun, Partial sun",avarage,low
133,Lycoris (Spider Lily),"Bulbs, Perennials","The flowers come in shades of red, pink, orange, white and yellow.",5-10,"Spring, Autumn, Summer",Lycoris grows up to 60 cm (2 ft) in height.,"Full sun, Partial sun",avarage,low
134,Magnolia (Magnolia),"Shrubs, Trees","Magnolia produces white, purple, pink and yellow flowers, depending on variety.",4-9,"Spring, Summer","The trees can grow to a height of 20 metres (65 ft), while shrubs are smaller and are 2,5 to 6 metres (8-20 ft) high.","Full sun, Partial sun",avarage,low
135,Malva (Mallow),"Annuals, Perennials","The flowers are usually pink, purple and white.",3-10,"Spring, Autumn, Summer","This plant grows up to 150 cm (5 ft) in height, but most of the species are smaller than that.","Full sun, Partial sun",avarage,low
136,Mandevilla (Dipladenia; Rocktrumpet),"Annuals, Climbers, Perennials","The flowers come in shades of red, pink, white and yellow.",9-11,"Spring, Autumn, Summer","The species can grow up to 6 metres (20 ft) in height, or even more.",Partial sun,avarage,medium
137,Mimosa (Mimosa),"Annuals, Perennials, Shrubs, Trees","The flowers come in shades of pink, purple and white.",9-13,Summer,They can be found in various sizes and some (Mimosa pigra) may grow as large as 6 m (20 ft) tall.,"Full sun, Partial sun",avarage,medium
138,Monarda (Bee Balm; Bergamot),Perennials,"These flowers come in shades of red, pink, purple and white.",3-9,"Autumn, Summer","Different varieties vary in height from dwarf species barely 25 cm (10 inches) tall to ""giants"" that reach about 1,5 metres (5 ft) high.","Full sun, Partial sun",avarage,low
139,Muscari (Grape Hyacinth),Bulbs,"These flowers are commonly blue. However, the white, pink and yellow types can also be found.",4-9,Spring,Muscari is a small plant that grows between 10 cm (4 inches) and 25 cm (10 inches) tall.,"Full sun, Partial sun",avarage,low
140,Myosotis (Forget Me Not; Scorpion Grass),Perennials,"The flowers are usually blue, but may be pink or white, sometimes with a yellow center.",3-9,"Spring, Summer",Myosotis can reach about 30 cm (1 ft) in height.,"Full sun, Partial sun",avarage,low
141,Myrtus (Myrtle),"Shrubs, Trees",The flowers are most commonly white.,8-9,"Spring, Summer",Myrtle grows up to 6 metres (20 ft) in height.,"Full sun, Partial sun",avarage,low
142,Narcissus (Daffodil),"Bulbs, Perennials",These flowers are usually white and yellow.,3-9,Spring,"Some species can reach a height of 10 cm (4 inches), while others can grow up to 90 cm (3 ft) tall.","Full sun, Partial sun",low,low
143,Nelumbo (Lotus),Perennials,"Nelumbo nucifera has white or pink flowers, while Nelumbo lutea has yellow ones.",4-10,"Spring, Summer","The leaves and flowers of Nelumbo nucifera are held on stems up to 2 metres (7 ft) tall. The Nelumbo lutea are almost the same size, ranging from 80 cm to 1,5 metres (3-5 ft) in height.",Full sun,avarage,low
144,Nemesia (Nemesia),"Annuals, Perennials, Shrubs","These flowers come in shades of blue, purple, red, pink, orange, mauve, yellow, cream and white.",8-11,"Spring, Autumn, Winter, Summer",The half-inch flowers bloom on plants that grow up to 60 cm (2 ft) tall.,"Full sun, Partial sun",avarage,low
145,Nemophila (Baby Blue Eyes),Annuals,The flowers vary in color from a true blue to a definite purple.,2-11,"Spring, Winter","Nemophila is a small plant, rarely growing over 30 cm (1 ft) high.","Full sun, Partial sun",avarage,low
146,Nepeta (Catmint; Catnip; Cataria),Perennials,"Nepeta comes in shades of blue, purple, white and even pink and yellow.",3-9,"Spring, Autumn, Summer","Nepeta grows between 20 cm and 2 metres (8 inches to 7 ft) high, depending on variety.","Full sun, Partial sun",low,low
147,Nerine (Guernsey Lily),"Bulbs, Perennials","The flowers come in shades of pink, orange, red and white.",8-11,"Autumn, Summer",Nerine reaches 60 cm (2 ft) in height.,"Full sun, Partial sun",avarage,medium
148,Nerium (Oleander),"Shrubs, Trees","The flowers come in shades of red, purple, pink, yellow, cream and white.",8-11,"Spring, Autumn, Summer",This plant can grow up to 6 meters (20 ft) high.,Full sun,avarage,low
149,Nigella (Love-in-a-mist; Devil-in-a-bush),Annuals,"The flowers are blue, white and even yellow and pink.",2-10,"Spring, Autumn, Summer",Nigella grows between 20 cm (8 inches) and 90 cm (3 ft) in height.,"Full sun, Partial sun",avarage,low
150,Obregonia (Artichoke Cactus),Cactus - Succulents,"The flower colors are usually white or slightly pink, with yellow stamens.",9-12,Summer,"Obregonia is a small-sized plant, about 15 cm (6 inches) in height.","Full sun, Partial sun",low,medium
151,Oenothera (Oenothera),"Annuals, Perennials","Oenothera produces yellow, pink and white flowers.",3-7,"Spring, Autumn, Summer","The species vary in size from 15 cm to 2,5 metres (6 inches to 8 ft) high.","Full sun, Partial sun",avarage,low
152,Opuntia (Prickly Pear),Cactus - Succulents,"These flowers are usually yellow, sometimes red and pink, but rarely white.",6-11,"Spring, Summer","Opuntias vary in height from 20 cm (8 inches) to giants that grow up to 4,5 metres (15 ft) in height.","Full sun, Partial sun",low,low
153,Ornithogalum (Star of Bethlehem),"Bulbs, Perennials","The flowers come in white, yellow and orange colors.",4-10,"Spring, Summer",The plant can grow between 10 and 60 cm (4 inches to 2 ft) tall.,"Full sun, Partial sun",avarage,low
154,Osteospermum (African Daisy),"Annuals, Perennials, Shrubs","The flowers come in numerous colors and shades including blue, purple, mauve, pink, yellow, white and cream.",9-11,"Spring, Autumn, Summer",Osteospermum reaches up to 60 cm (2 ft) in height.,Full sun,avarage,low
155,Oxalis (Wood Sorrel),"Annuals, Bulbs, Perennials","The flowers come in shades of yellow, pink, white and purple.",4-11,"Spring, Autumn, Summer",This plant reaches 7 to 30 cm (3 to 12 inches) in height.,"Full sun, Partial sun",avarage,low
156,Paeonia (Peony),"Perennials, Shrubs","Peonies produce red, pink, purple, white and yellow flowers.",2-9,"Spring, Summer","The species range in size from 60 cm to 120 cm (2 to 4 ft) tall. However, Peony trees can grow to 3 metres (10 ft) in height.","Full sun, Partial sun",avarage,low
157,Papaver (Poppy),"Annuals, Perennials","The flowers bloom in a range of colors, from white, yellow, pink and orange to red and purple.",3-10,"Spring, Summer",Poppy usually grows between 30 and 90 cm (1-3 ft) tall.,"Full sun, Partial sun",avarage,low
158,Passiflora (Passion Flower; Passion Vine),"Annuals, Climbers, Perennials, Shrubs, Trees","Though a wide range of colors exist, the most common are white, purple and blue.",6-11,"Spring, Autumn, Summer","These plants range in size from 60 cm (2 ft) to 20 metres (65 ft), depending on variety.","Full sun, Partial sun",avarage,medium
159,Pelargonium (Geranium),"Annuals, Cactus - Succulents, Perennials, Shrubs","The flowers come in shades of red, purple, orange, pink and white, with many bicolored combinations.",8-12,"Spring, Autumn, Summer",Pelargoniums grow from 30 to 180 cm (1 to 6 ft) tall.,"Full sun, Partial sun",avarage,low
160,Penstemon (Beardtongue),Perennials,"Penstemon flowers come in shades of white, yellow, blue, red and purple.",3-10,"Autumn, Summer","This plant grows between 30 cm (1 ft) and 120 cm (4 ft) high, depending on species.","Full sun, Partial sun",avarage,low
161,Perovskia (Perovskia),"Perennials, Shrubs",The flowers come in shades of purple and blue.,4-9,"Autumn, Summer",Perovskia grows up to 150 cm (5 ft) tall.,Full sun,low,low
162,Petunia (Petunia),"Annuals, Perennials","Petunias are available in almost all colors except for true blue. The most common colors are white, yellow, pink, red and purple.",8-11,"Spring, Autumn, Summer",The species range in size from 15 cm to 120 cm (6 inches to 4 ft) in height.,"Full sun, Partial sun",avarage,low
163,Phacelia (Scorpionweed),"Annuals, Perennials",The flowers are most commonly seen in shades of purple and blue.,2-10,"Spring, Summer",Phacelia can grow up to 120 cm (4 ft) high.,"Full sun, Partial sun",low,low
164,Phlox (Phlox),"Annuals, Perennials","There are many different color varieties available, such as white, yellow, pink, purple, red, lavender, rose, magenta.",2-9,"Spring, Autumn, Summer","Phlox can be found in different sizes, from dwarf species only around 10 cm (4 inches) in height to some reaching 120 cm (4 ft) tall.","Full sun, Partial sun",avarage,medium
165,Platycodon (Balloon Flower; Chinese Bellflower; Japanese Bellflower),Perennials,"Platycodon come in purple, blue, pink and white.",3-8,"Autumn, Summer",The plant can grow nearly 60 cm (2 feet) tall.,"Full sun, Partial sun",avarage,low
166,Plumbago (Plumbago),"Annuals, Climbers, Perennials, Shrubs","The flowers come in a variety of colors, but the most common are blue and white.",8-11,"Spring, Autumn, Winter, Summer","The plants can reach up to 3 m (10 ft) in height, although they are typically smaller.","Full sun, Partial sun",avarage,low
167,Plumeria (Frangipani; Hawaiian Lei Flower),"Shrubs, Trees","These flowers can be found in shades of white, yellow, pink and red.",9-11,"Spring, Autumn, Summer","Their sizes vary depending on the variety. Some species can grow up to 10 metres (32 ft) in height, but dwarf varieties are also available.","Full sun, Partial sun",avarage,low
168,Polygonatum (Solomon's Seal),Perennials,"The flowers come in white, green or pink, in solid colors or in combinations.",3-8,"Spring, Summer","These plants vary in height from 60 to 200 cm (2 to 7 ft), depending on species.","Partial sun, Shade",avarage,low
169,Potentilla (Cinquefoil),"Annuals, Perennials, Shrubs","The flowers are usually yellow, but can also be white, purple, pink or red.",2-9,"Spring, Autumn, Summer","Cinquefoil range in height from 30 to 120 cm (1 to 4 ft), depending on the varieties.","Full sun, Partial sun",avarage,low
170,Primula (Primrose),Perennials,"These flowers come in a wide range of colors, from blue, purple, green and orange to pink, red, yellow and white.",3-9,Spring,The species grows up to 60 cm (2 ft) in height.,"Full sun, Partial sun",avarage,low
171,Protea (Protea),"Shrubs, Trees","The flowers come in shades of white, purple, red, orange, yellow and green.",8-11,"Spring, Autumn, Winter, Summer",Protea range in height from tiny shrubs to tall trees of 10 meters (33 ft).,Full sun,low,low
172,Prunus (Prunus),"Shrubs, Trees","Prunus flowers comes in shades of white, pink, purple and red.",2-9,"Spring, Autumn, Winter, Summer","The species range in height from 1,5 metres to 12 metres (5 to 40 ft) tall.",Full sun,avarage,low
173,Pulmonaria (Lungwort),Perennials,"The flowers come in shades of blue, purple, pink and white.",3-9,"Spring, Winter",Pulmonaria can grow up to 30 cm (1 ft) tall.,"Partial sun, Shade",avarage,low
174,Quesnelia (Quesnelia),"Cactus - Succulents, Perennials","The flowers come in red, blue, pink and yellow colors.",9-12,"Spring, Winter",These plants can grow up to 60 cm (2 ft) in height.,"Full sun, Partial sun, Shade",avarage,low
175,Rafflesia (Rafflesia),,Rafflesia is reddish brown with white marks on its petals.,13,"Spring, Autumn, Winter, Summer",Rafflesia can reach up to 1 m (more than 3 ft) in diameter.,"Full sun, Partial sun, Shade",avarage,low
176,Ranunculus (Buttercup; Crowfoot; Spearwort),"Annuals, Bulbs, Perennials","The flowers are usually yellow, but may also be white, pink and red.",7-11,"Spring, Summer","Ranunculus can reach a height of between 20 and 60 cm (8 inches to 2 ft), depending on species.","Full sun, Partial sun",avarage,low
177,Rhododendron (Rhododendron),"Shrubs, Trees","Rhododendron blooms in various colors, from pure white to red, orange and pink to gold and purple.",3-11,"Spring, Autumn, Winter, Summer",The species range in size from low ground covers and medium sized shrubs to trees that can reach 25 metres (82 ft) tall.,Partial sun,avarage,low
178,Rondeletia (Rondeletia),"Shrubs, Trees","The flowers are white, yellow, pink and red, sometimes with yellow centers.",9-11,"Spring, Autumn, Winter, Summer","The plant can grow up to 4,5 metres (15 ft) tall.","Full sun, Partial sun",avarage,low
179,Rosa (Rose),"Climbers, Roses, Shrubs","Roses range in color from white and yellow to red, pink and purple.",2-10,"Spring, Autumn, Summer",Roses range in size from dwarf species to climbers that can reach 12 metres (40 ft) in height.,"Full sun, Partial sun",avarage,medium
180,Rudbeckia (Coneflower),"Annuals, Perennials","Rudbeckias are mostly yellow, but also can be red and orange, with central cones that can be green, black and brown.",3-9,"Autumn, Summer",This plant grows between 30 and 120 cm (1 to 4 ft) in height.,"Full sun, Partial sun",avarage,low
181,Salvia (Sage),"Annuals, Perennials, Shrubs","Salvia blooms in a range of colors, from traditional dark blue to light blue, red, pink, and white.",3-11,"Spring, Autumn, Winter, Summer","Salvia grows from 30 cm to 180 cm (1 to 6 ft) tall, depending on species.","Full sun, Partial sun",avarage,low
182,Sandersonia (Christmas Bells; Chinese Lantern Lily),"Climbers, Perennials",The flowers are orange or yellow.,8-11,"Spring, Summer",This plant grows up to 90 cm (3 ft) in height.,Full sun,avarage,low
183,Saxifraga (Saxifrage; Rockfoil),Perennials,"The flowers are usually white, but may be yellow, purple, pink and red.",3-10,"Spring, Autumn, Winter, Summer",This plant usually reaches about 30 cm (1 ft) in height.,"Full sun, Partial sun, Shade",avarage,low
184,Scabiosa (Scabious; Pincushion Flower),"Annuals, Perennials","These flowers come in different colors including blue, purple, white, yellow, pink and red.",3-9,"Autumn, Summer",Scabiosa typically ranges in height from 15 cm (6 inches) to 60 cm (2 ft).,Full sun,avarage,low
185,Scilla (Squill),Bulbs,"Scilla comes in shades of blue, purple and white. The blue ones are very pretty, some of the best blues to be found among flowers.",2-10,"Spring, Winter","Scilla can grow up to 60 cm (2 ft) high However, some species are less than 10 cm (4 inches) tall.","Full sun, Partial sun",avarage,low
186,Sedum (Stonecrop),"Annuals, Cactus - Succulents, Perennials, Shrubs","The flowers come in a rainbow of colors, from red, orange, pink and purple to yellow and white. The foliage can be found in different colors, too.",3-10,"Autumn, Summer","Sedums can grow from 10 to 90 cm (4 inches to 3 ft), depending on variety.","Full sun, Partial sun",low,low
187,Solidago (Goldenrod),Perennials,"Goldenrods come in a bright, golden-yellow color.",3-9,"Autumn, Summer","Goldenrods can grow up to 90 cm (3 ft) in height, while some species are only 10 cm (4 inches) tall.",Full sun,avarage,low
188,Spiraea (Spirea),Shrubs,"The flowers come in shades of purple, pink, yellow, cream and white.",3-9,"Spring, Autumn, Summer","These plants can grow up to 3 m (10 ft) in height, depending on species.","Full sun, Partial sun",avarage,low
189,Strelitzia (Bird of Paradise; Crane Flower),"Perennials, Shrubs","The flowers are orange, red, yellow or even blue and purple.",9-12,"Spring, Autumn, Winter, Summer","Strelitzia can grow as tall as 1 m (3 ft) or taller, while some species (Strelitzia nicolai) can reach 10 metres (33 ft) high.","Full sun, Partial sun",avarage,low
190,Syringa (Lilac),"Shrubs, Trees","Although they get their common name from their most popular color, Lilacs can also be found in other colors such as blue, red, pink, white and yellow.",3-8,"Spring, Summer","Lilacs range in size from 2 to 10 metres (7 to 33 ft) high, depending on species.","Full sun, Partial sun",avarage,low
191,Tagetes (Marigold),"Annuals, Perennials, Shrubs","Tagetes comes in shades of yellow, orange and even white.",2-11,"Spring, Autumn, Summer","These species range in size from 15 to 80 cm (6 inches to 3 ft) tall, rarely until 2 metres (7 ft).",Full sun,avarage,low
192,Tanacetum (Tanacetum),"Annuals, Perennials, Shrubs","The flowers are usually white or yellow, depending on species.",3-9,Summer,These plants can grow from a few inches to 150 cm (5 ft) tall.,"Full sun, Partial sun",avarage,medium
193,Taraxacum (Dandelion),Perennials,"The flowers are usually bright yellow, but they can be darker or even white, such as Taraxacum albidum.",3-10,"Spring, Autumn, Winter, Summer",Dandelions range in height from 5 to 50 cm (2-20 inches) in height.,"Full sun, Partial sun",avarage,low
194,Tigridia (Tiger Flower; Mexican Shellflower),Bulbs,"The flowers may be red, yellow, white, cream, orange, scarlet, pink and mauve.",8-11,Summer,These plants usually grow between 30 and 60 cm (1-2 ft) tall.,"Full sun, Partial sun",avarage,low
195,Torenia (Wishbone Flower; Bluewings; Clown Flower),Annuals,"The flowers come in shades of purple, blue, pink, yellow and white.",2-11,"Spring, Autumn, Summer",Torenia grows up to 30 cm (1 ft) in height.,"Partial sun, Shade",avarage,medium
196,Tradescantia (Spiderwort),Perennials,"The flowers come in shades of blue, purple, pink, red and white.",4-12,"Spring, Autumn, Summer",This plant can reach up to 90 cm in height.,"Full sun, Partial sun, Shade",avarage,low
197,Tricyrtis (Toad Lily),Perennials,"The flowers come in shades of red, purple, white and yellow.",4-9,"Autumn, Summer",Tricyrtis reaches up to 90 cm (3 ft) in height.,"Partial sun, Shade",avarage,low
198,Trillium (Wake Robins; Birthroot),Perennials,"Flower color varies from red, pink, maroon and purple to yellow and white.",3-9,"Spring, Summer",Trillium usually grows between 30 and 60 cm (1-2 ft) in height.,"Partial sun, Shade",avarage,low
199,Trollius (Globe Flower),Perennials,"These beautiful flowers bloom in shades of yellow, orange and white.",3-8,"Spring, Summer",Trollius can grow up to 90 cm (3 ft) in height.,"Full sun, Partial sun",avarage,low
200,Tropaeolum (Nasturtium),"Annuals, Perennials","Nasturtium comes in red, orange, yellow, purple and cream colors.",2-11,"Spring, Autumn, Summer","Nasturtium vary in height from 20 cm (8 inches) to 3 metres (10 ft), depending on species.",Full sun,avarage,low
201,Tulipa (Tulip),"Annuals, Bulbs, Perennials",You will find Tulips in nearly every color and pattern.,3-9,Spring,"Tulips can be short (less than 20 cm or 8 inches), medium (20-45 cm or 8-18 inches) and tall (greater than 45 cm or 18 inches).","Full sun, Partial sun",low,low
202,Ulex (Gorse; Furze),Shrubs,The flowers are usually yellow in color.,6-10,"Spring, Autumn, Winter, Summer",The plant can grow up to 3 metres (10 ft) high.,Full sun,low,low
203,Ursinia (African Daisy),"Annuals, Perennials","Ursinia has yellow, red or orange flowers.",3-11,"Spring, Autumn, Winter, Summer",Ursinia grows from 20 cm to 60 cm (8 inches to 2 ft) in height.,"Full sun, Partial sun",avarage,low
204,Valeriana (Valerian),Perennials,"The flowers are white, pink or lavender.",4-9,"Autumn, Summer","The plant can reach 1,5 meters (5 ft) in height.","Full sun, Partial sun",avarage,low
205,Verbascum (Mullein),"Annuals, Perennials","These flowers are primarily bright yellow, but also white, red, purple and pink.",5-10,"Spring, Summer",Mullein has a flower spike that reaches 3 metres (10 ft) high.,Full sun,low,low
206,Verbena (Vervain),"Annuals, Perennials","The blooms come in shades of purple, red, pink and white.",3-12,"Autumn, Summer","Verbena grows from 7 cm to 180 cm (3 inches to 6 ft) tall, depending on species.","Full sun, Partial sun",avarage,low
207,Veronica (Speedwell),Perennials,"Veronica comes in shades of blue, purple, pink and white.",3-11,"Spring, Autumn, Summer","Veronica comes in a wide range of sizes, from dwarfs that rarely exceed 10 cm (4 inches) to large specimens that can grow more than 1,5 metres (5 ft) in height.","Full sun, Partial sun",avarage,low
208,Veronicastrum (Veronicastrum),Perennials,"The flowers come in shades of white, purple and pink.",3-9,"Autumn, Summer",Veronicastrum reaches nearly 2 m (6 ft) in height.,"Full sun, Partial sun",avarage,low
209,Vinca (Periwinkle),"Perennials, Shrubs","Vinca comes in shades of pink, purple, red and white.",3-11,"Autumn, Summer",Vinca range in size from dwarf species that grow only about 10 cm (4 inches) tall to the larger types which can grow up to 60 cm (2 ft) in height.,"Full sun, Partial sun, Shade",avarage,low
210,Viola (Violet),"Annuals, Perennials, Shrubs","As their name suggests, many species are violet in color, but can also be blue, white, yellow and cream. Some blooms have two or even three colors.",3-9,"Spring, Autumn, Winter, Summer",Violas are small plants up to 20 cm (8 inches) tall.,"Full sun, Partial sun",avarage,low
211,Watsonia (Bugle Lily),"Bulbs, Perennials","The flowers come in shades of red, pink, orange, purple and white.",8-11,"Spring, Autumn, Winter, Summer",This plant grows from 30 cm to 2 metres (1 ft to 7 ft) in height.,Full sun,avarage,low
212,Weigela (Weigela),Shrubs,"The flowers come in shades of red, pink, white and yellow.",4-9,"Spring, Autumn, Summer",This plant grows from 30 cm (1 ft) to 3 metres (10 ft) high.,"Full sun, Partial sun",avarage,low
213,Wisteria (Wisteria),Climbers,"Wisteria comes in shades of white, blue, purple and pink.",5-9,"Spring, Summer","Wisteria grows from 180 cm to 12 metres (6 to 40 ft) tall, depending on species.","Full sun, Partial sun",avarage,hard
214,Xanthisma (Xanthisma),"Annuals, Perennials","The flowers are generally yellow in color, but there are also varieties that are white and purple.",3-9,"Spring, Autumn, Winter, Summer",This plant can reach a height of 60 cm (2 ft).,"Full sun, Partial sun",low,low
215,Xeranthemum (Xeranthemum),Annuals,"These flowers come in shades of pink, purple and white.",2-10,"Autumn, Summer",This plant can grow between 30 and 90 cm (1-3 ft) tall.,Full sun,avarage,low
216,Xerochrysum (Xerochrysum),"Annuals, Perennials, Shrubs","Its bracts are yellow, orange, purple, pink and red.",8-11,"Spring, Autumn, Summer","Xerochrysum grows from 20 to 150 cm (8 inches to 5 ft) tall, depending on species.",Full sun,avarage,low
217,Xerophyllum (Xerophyllum),"Herbs, Perennials",Xerophyllum has unique cream-colored flowers.,4-8,"Spring, Summer","These plants can grow from 50 cm to 1,5 meters (2-5 ft) tall, with numerous small flowers growing on long flower stalks.","Full sun, Partial sun",low,low
218,Yucca (Yucca),"Cactus - Succulents, Shrubs, Trees","The Yucca plant has green, sword-like leaves and white or whitish flowers.",4-11,"Spring, Autumn, Summer","Yucca grows from 60 cm to 4,5 metres (2 to 15 ft) high, depending on species.","Full sun, Partial sun",low,low
219,Zantedeschia (Calla Lily; Arum Lily),"Bulbs, Perennials","Zantedeschia is available in a multitude of colors including white, yellow, orange, pink, purple and even black.",3-10,"Spring, Summer",The plant grows between 30 and 90 cm (1 to 3 ft) tall.,"Full sun, Partial sun",avarage,low
220,Zephyranthes (Rain Lily; Fairy Lily),"Annuals, Bulbs, Perennials","The flowers may be yellow, pink and white.",7-11,"Spring, Autumn, Summer",The plant can grow up to 30 cm (1 ft) in height.,"Full sun, Partial sun",avarage,medium
221,Zinnia (Zinnia),"Annuals, Perennials, Shrubs","These flowers are known for their vivid colors. They are often multi-colored and may be yellow, orange, white, red, pink and purple.",2-11,"Autumn, Summer",Zinnias range in size from dwarf species that only grow 17 cm (7 inches) high to vigorous types over 120 cm (4 ft) tall.,Full sun,avarage,low
222,Zygopetalum (Zygo),"Annuals, Perennials","Zygopetalum has unusually colored flowers in shades of blue, purple, red and white.",9-11,"Spring, Autumn, Winter",Zygopetalum usually grows to a height of 40 cm (16 inches).,"Full sun, Partial sun",avarage,medium
